id_transaccion,fecha,hora,id_cliente,tipo_operacion,monto,sucursal_canal
TXN-1613,2026-08-04,09:38,C-571,Retiro Efectivo,2070.35,SUC-Centro
TXN-1451,2026-08-18,19:58,C-367,Pago Tarjeta,2445.38,SUC-Centro
TXN-1731,2026-08-21,14:29,C-194,Pago Tarjeta,2832.56,Banca Movil
TXN-1436,2026-08-13,12:50,C-431,Retiro Efectivo,1081.25,SUC-Sur
TXN-1275,2026-08-19,08:48,C-395,Pago Tarjeta,1283.47,SUC-Centro
TXN-1582,2026-08-16,20:20,C-799,Transferencia,2362.66,SUC-Centro
TXN-1707,2026-08-22,15:02,C-330,Deposito,310.13,Cajero Automático
TXN-1299,2026-08-24,07:57,C-249,Transferencia,675.35,SUC-Sur
TXN-1718,2026-08-26,07:26,C-670,Deposito,1678.76,Banca Movil
TXN-1494,2026-08-28,18:23,C-353,Transferencia,1128.66,Banca Movil
TXN-1351,2026-08-21,20:10,C-304,Transferencia,1592.39,Cajero Automático
TXN-1594,2026-08-01,20:06,C-641,Transferencia,580.45,Cajero Automático
TXN-1652,2026-08-20,14:06,C-157,Retiro Efectivo,1818.31,Banca Movil
TXN-1866,2026-08-27,18:55,C-109,Transferencia,1027.27,SUC-Norte
TXN-1294,2026-08-22,21:37,C-504,Retiro Efectivo,599.91,SUC-Sur
TXN-1066,2026-08-18,11:06,C-294,Transferencia,402.98,Banca Movil
TXN-1377,2026-08-23,15:20,C-290,Transferencia,2669.65,SUC-Centro
TXN-1682,2026-08-01,17:25,C-741,Retiro Efectivo,1307.5,SUC-Centro
TXN-1755,2026-08-15,21:01,C-990,Deposito,1168.05,SUC-Centro
TXN-1107,2026-08-24,10:40,C-510,Retiro Efectivo,1800.24,SUC-Centro
TXN-1139,2026-08-21,18:19,C-621,Transferencia,236.51,SUC-Norte
TXN-1067,2026-08-10,20:12,C-881,Transferencia,1814.72,SUC-Centro
TXN-1832,2026-08-28,11:32,C-857,Transferencia,1790.04,SUC-Norte
TXN-1213,2026-08-05,16:32,C-941,Retiro Efectivo,2304.81,Cajero Automático
TXN-1670,2026-08-14,12:06,C-246,Transferencia,1191.44,SUC-Centro
TXN-1486,2026-08-10,12:42,C-582,Transferencia,2755.86,SUC-Centro
TXN-1425,2026-08-19,10:21,C-946,Transferencia,3429.28,SUC-Sur
TXN-1363,2026-08-07,19:35,C-647,Retiro Efectivo,1803.77,Cajero Automático
TXN-1076,2026-08-03,17:55,C-192,Retiro Efectivo,3459.85,SUC-Sur
TXN-1298,2026-08-05,11:42,C-923,Transferencia,2390.46,SUC-Centro
TXN-1088,2026-08-09,16:40,C-711,Pago Tarjeta,2120.11,SUC-Centro
TXN-1059,2026-08-02,15:48,C-986,Transferencia,1348.84,SUC-Centro
TXN-1420,2026-08-02,10:04,C-279,Retiro Efectivo,1386.55,SUC-Norte
TXN-1237,2026-08-16,20:49,C-844,Retiro Efectivo,957.33,Cajero Automático
TXN-1849,2026-08-26,14:23,C-134,Pago Tarjeta,1851.05,Banca Movil
TXN-1221,2026-08-20,11:52,C-119,Pago Tarjeta,2448.41,SUC-Centro
TXN-1362,2026-08-16,13:54,C-337,Pago Tarjeta,1100.86,SUC-Norte
TXN-1023,2026-08-01,16:42,C-595,Transferencia,477.36,Cajero Automático
TXN-1030,2026-08-14,12:17,C-982,Retiro Efectivo,1256.67,Banca Movil
TXN-1477,2026-08-04,15:46,C-589,Retiro Efectivo,161.46,SUC-Norte
TXN-1266,2026-08-15,18:56,C-595,Pago Tarjeta,2815.51,Cajero Automático
TXN-1168,2026-08-22,12:26,C-948,Deposito,737.98,SUC-Norte
TXN-1589,2026-08-27,09:51,C-456,Pago Tarjeta,3417.97,SUC-Norte
TXN-1281,2026-08-03,07:20,C-424,Transferencia,680.9,Banca Movil
TXN-1493,2026-08-21,08:47,C-880,Pago Tarjeta,3416.59,SUC-Norte
TXN-1643,2026-08-24,16:35,C-145,Retiro Efectivo,2108.46,Cajero Automático
TXN-1669,2026-08-07,12:04,C-997,Pago Tarjeta,1730.81,SUC-Centro
TXN-1479,2026-08-09,13:28,C-565,Retiro Efectivo,403.56,Cajero Automático
TXN-1280,2026-08-01,21:01,C-600,Pago Tarjeta,2861.63,SUC-Norte
TXN-1535,2026-08-10,17:01,C-625,Deposito,1146.61,Banca Movil
TXN-1778,2026-08-18,16:33,C-577,Transferencia,621.34,Cajero Automático
TXN-1490,2026-08-11,08:05,C-780,Retiro Efectivo,3246.37,Banca Movil
TXN-1758,2026-08-08,12:15,C-115,Pago Tarjeta,2912.28,Banca Movil
TXN-1734,2026-08-23,15:33,C-949,Retiro Efectivo,1823.77,Banca Movil
TXN-1588,2026-08-10,07:20,C-980,Deposito,2474.46,Banca Movil
TXN-1660,2026-08-10,15:33,C-426,Retiro Efectivo,2987.29,SUC-Sur
TXN-1630,2026-08-13,11:50,C-311,Transferencia,1932.75,SUC-Sur
TXN-1440,2026-08-10,11:03,C-492,Pago Tarjeta,3277.52,SUC-Sur
TXN-1900,2026-08-03,11:45,C-198,Transferencia,2629.96,Banca Movil
TXN-9003,2026-08-15,14:40,C-888,Transferencia,9850.0,Banca Movil
TXN-1136,2026-08-21,16:58,C-247,Pago Tarjeta,3042.87,SUC-Sur
TXN-1039,2026-08-26,10:44,C-479,Pago Tarjeta,3378.97,Banca Movil
TXN-1359,2026-08-06,19:14,C-191,Pago Tarjeta,363.59,Banca Movil
TXN-1244,2026-08-05,20:41,C-432,Retiro Efectivo,766.54,Cajero Automático
TXN-1296,2026-08-07,14:40,C-453,Transferencia,2088.09,SUC-Norte
TXN-1355,2026-08-03,18:55,C-392,Transferencia,404.12,SUC-Sur
TXN-1938,2026-08-04,08:08,C-752,Pago Tarjeta,849.26,SUC-Sur
TXN-1070,2026-08-20,11:00,C-627,Retiro Efectivo,1341.09,SUC-Sur
TXN-1449,2026-08-04,10:39,C-686,Deposito,3356.23,SUC-Sur
TXN-1921,2026-08-08,12:32,C-407,Transferencia,1375.92,SUC-Norte
TXN-1342,2026-08-28,09:05,C-105,Retiro Efectivo,223.71,SUC-Centro
TXN-1312,2026-08-14,10:24,C-306,Pago Tarjeta,1134.12,SUC-Norte
TXN-1158,2026-08-16,17:28,C-426,Transferencia,2687.47,SUC-Centro
TXN-1761,2026-08-15,07:20,C-859,Deposito,1928.01,SUC-Sur
TXN-1947,2026-08-19,19:08,C-903,Transferencia,1413.24,SUC-Centro
TXN-1310,2026-08-04,13:54,C-590,Transferencia,208.6,SUC-Norte
TXN-1854,2026-08-09,08:27,C-784,Transferencia,2817.94,Cajero Automático
TXN-1063,2026-08-04,11:46,C-691,Retiro Efectivo,2386.33,Banca Movil
TXN-1813,2026-08-05,08:49,C-256,Pago Tarjeta,3475.08,Banca Movil
TXN-1199,2026-08-09,08:14,C-333,Retiro Efectivo,2558.73,Banca Movil
TXN-1593,2026-08-08,08:27,C-502,Deposito,2626.77,SUC-Sur
TXN-1516,2026-08-18,10:51,C-253,Transferencia,1351.33,SUC-Centro
TXN-1712,2026-08-27,09:10,C-925,Transferencia,1447.71,SUC-Sur
TXN-1929,2026-08-23,19:35,C-877,Retiro Efectivo,2259.01,Banca Movil
TXN-1096,2026-08-07,16:50,C-967,Deposito,1389.55,Cajero Automático
TXN-1961,2026-08-25,11:08,C-147,Pago Tarjeta,3257.51,Banca Movil
TXN-1321,2026-08-21,18:03,C-730,Pago Tarjeta,1854.71,Banca Movil
TXN-1542,2026-08-22,12:49,C-788,Transferencia,367.21,SUC-Norte
TXN-1789,2026-08-21,15:01,C-922,Retiro Efectivo,1711.23,Banca Movil
TXN-1971,2026-08-02,20:59,C-422,Deposito,3072.59,Banca Movil
TXN-1120,2026-08-25,14:04,C-663,Retiro Efectivo,358.08,SUC-Sur
TXN-1086,2026-08-04,08:25,C-388,Transferencia,2828.73,SUC-Norte
TXN-1570,2026-08-24,18:27,C-884,Retiro Efectivo,2819.72,SUC-Centro
TXN-1547,2026-08-25,16:03,C-505,Pago Tarjeta,803.64,SUC-Centro
TXN-1879,2026-08-14,14:02,C-116,Transferencia,583.99,SUC-Centro
TXN-1558,2026-08-26,17:37,C-817,Retiro Efectivo,2192.9,SUC-Sur
TXN-1533,2026-08-05,13:04,C-564,Pago Tarjeta,1285.4,Banca Movil
TXN-1668,2026-08-05,17:41,C-409,Retiro Efectivo,2553.28,Cajero Automático
TXN-1689,2026-08-20,17:44,C-758,Retiro Efectivo,1554.63,SUC-Centro
TXN-1615,2026-08-06,19:41,C-258,Transferencia,300.43,SUC-Sur
TXN-1888,2026-08-07,14:48,C-381,Retiro Efectivo,1475.64,SUC-Norte
TXN-1792,2026-08-25,18:09,C-879,Transferencia,606.3,SUC-Sur
TXN-1254,2026-08-07,09:26,C-659,Retiro Efectivo,1815.38,SUC-Centro
TXN-1910,2026-08-25,19:43,C-373,Transferencia,604.55,SUC-Sur
TXN-1922,2026-08-05,10:07,C-800,Deposito,3446.35,Cajero Automático
TXN-1798,2026-08-15,17:05,C-523,Deposito,2221.91,SUC-Norte
TXN-1184,2026-08-22,16:48,C-415,Transferencia,1078.8,Cajero Automático
TXN-1836,2026-08-16,19:41,C-850,Transferencia,1691.75,SUC-Norte
TXN-1819,2026-08-11,17:11,C-953,Transferencia,2880.56,Cajero Automático
TXN-9001,2026-08-15,14:12,C-888,Transferencia,9900.0,Banca Movil
TXN-1522,2026-08-03,07:38,C-219,Retiro Efectivo,1190.44,SUC-Norte
TXN-1055,2026-08-12,11:14,C-984,Transferencia,1103.84,SUC-Sur
TXN-1746,2026-08-25,11:05,C-923,Deposito,1324.55,Cajero Automático
TXN-1247,2026-08-18,15:37,C-638,Transferencia,59.45,Banca Movil
TXN-1870,2026-08-18,19:03,C-482,Transferencia,2496.56,SUC-Norte
TXN-1260,2026-08-23,13:41,C-797,Transferencia,1071.28,SUC-Sur
TXN-1072,2026-08-12,09:17,C-610,Retiro Efectivo,2151.22,SUC-Sur
TXN-1655,2026-08-28,18:05,C-396,Transferencia,2929.88,Cajero Automático
TXN-1044,2026-08-09,11:14,C-347,Transferencia,1462.8,SUC-Norte
TXN-1916,2026-08-07,11:54,C-570,Deposito,1552.05,Banca Movil
TXN-1218,2026-08-25,20:26,C-817,Transferencia,1938.12,Cajero Automático
TXN-1618,2026-08-02,14:29,C-996,Retiro Efectivo,2764.78,SUC-Sur
TXN-1286,2026-08-03,15:26,C-838,Retiro Efectivo,2984.82,SUC-Norte
TXN-1694,2026-08-15,13:32,C-426,Pago Tarjeta,1646.83,SUC-Centro
TXN-1567,2026-08-26,11:18,C-284,Pago Tarjeta,3194.11,SUC-Norte
TXN-1823,2026-08-02,17:11,C-770,Retiro Efectivo,2548.44,Banca Movil
TXN-1807,2026-08-03,12:16,C-666,Transferencia,114.24,SUC-Centro
TXN-1314,2026-08-14,16:18,C-651,Deposito,2388.85,Banca Movil
TXN-1215,2026-08-25,09:55,C-348,Retiro Efectivo,2429.64,SUC-Centro
TXN-1678,2026-08-10,16:42,C-670,Transferencia,2176.38,SUC-Norte
TXN-1635,2026-08-23,14:02,C-557,Retiro Efectivo,2792.81,SUC-Sur
TXN-1519,2026-08-18,20:39,C-974,Transferencia,498.73,SUC-Sur
TXN-1394,2026-08-11,13:37,C-605,Transferencia,1405.49,Cajero Automático
TXN-1259,2026-08-07,16:44,C-838,Pago Tarjeta,3460.9,Banca Movil
TXN-1927,2026-08-07,15:36,C-978,Transferencia,3312.72,SUC-Centro
TXN-1333,2026-08-07,19:42,C-202,Deposito,2269.73,Banca Movil
TXN-1465,2026-08-23,11:39,C-820,Retiro Efectivo,137.19,SUC-Sur
TXN-1060,2026-08-24,18:11,C-263,Deposito,1253.05,SUC-Centro
TXN-1521,2026-08-04,17:35,C-552,Transferencia,929.81,SUC-Norte
TXN-1587,2026-08-12,08:25,C-769,Transferencia,1905.25,Banca Movil
TXN-1730,2026-08-14,17:36,C-479,Transferencia,2975.54,SUC-Sur
TXN-1853,2026-08-08,18:27,C-937,Transferencia,841.73,Cajero Automático
TXN-1585,2026-08-27,18:40,C-652,Deposito,1513.52,SUC-Norte
TXN-1370,2026-08-13,17:16,C-957,Transferencia,1617.89,SUC-Centro
TXN-1500,2026-08-02,13:22,C-183,Pago Tarjeta,3051.91,SUC-Sur
TXN-1290,2026-08-03,08:39,C-687,Pago Tarjeta,440.05,Cajero Automático
TXN-1198,2026-08-24,15:26,C-691,Transferencia,838.04,Banca Movil
TXN-1305,2026-08-16,16:19,C-454,Transferencia,3408.38,SUC-Norte
TXN-1306,2026-08-26,17:27,C-552,Transferencia,500.76,Banca Movil
TXN-1110,2026-08-15,09:15,C-675,Retiro Efectivo,3073.91,Banca Movil
TXN-1448,2026-08-19,14:32,C-840,Deposito,2292.8,Cajero Automático
TXN-1467,2026-08-20,15:45,C-418,Retiro Efectivo,2362.38,SUC-Centro
TXN-1323,2026-08-04,18:31,C-700,Retiro Efectivo,378.59,Cajero Automático
TXN-1664,2026-08-13,13:26,C-788,Transferencia,1946.34,SUC-Sur
TXN-1235,2026-08-03,10:36,C-968,Transferencia,735.33,SUC-Sur
TXN-1814,2026-08-23,16:47,C-300,Deposito,3042.19,SUC-Norte
TXN-1808,2026-08-05,18:01,C-698,Transferencia,2532.44,Banca Movil
TXN-1408,2026-08-03,17:22,C-363,Transferencia,1770.96,SUC-Norte
TXN-1616,2026-08-19,08:11,C-382,Retiro Efectivo,3251.76,SUC-Norte
TXN-1361,2026-08-16,18:43,C-687,Transferencia,2185.78,SUC-Norte
TXN-1210,2026-08-17,14:35,C-961,Retiro Efectivo,217.63,SUC-Sur
TXN-1137,2026-08-16,11:28,C-303,Retiro Efectivo,1366.76,Banca Movil
TXN-1485,2026-08-09,12:27,C-662,Pago Tarjeta,869.7,Banca Movil
TXN-1552,2026-08-24,14:26,C-323,Transferencia,3434.91,Cajero Automático
TXN-1604,2026-08-12,08:33,C-789,Transferencia,1388.71,SUC-Sur
TXN-1826,2026-08-14,19:29,C-363,Pago Tarjeta,2087.56,SUC-Centro
TXN-1549,2026-08-28,11:28,C-936,Deposito,1880.22,SUC-Sur
TXN-1548,2026-08-18,17:05,C-360,Deposito,2646.66,SUC-Norte
TXN-1174,2026-08-20,08:20,C-406,Retiro Efectivo,2384.78,SUC-Norte
TXN-1357,2026-08-28,08:29,C-160,Transferencia,1972.1,SUC-Sur
TXN-1576,2026-08-23,19:22,C-491,Transferencia,3321.33,SUC-Sur
TXN-1644,2026-08-24,19:47,C-511,Pago Tarjeta,1903.17,SUC-Sur
TXN-1332,2026-08-07,19:46,C-153,Transferencia,238.25,Banca Movil
TXN-1078,2026-08-22,08:55,C-617,Transferencia,3022.15,Banca Movil
TXN-1029,2026-08-18,19:16,C-420,Retiro Efectivo,2074.74,SUC-Norte
TXN-1265,2026-08-12,12:40,C-724,Pago Tarjeta,1052.46,Banca Movil
TXN-1261,2026-08-10,08:54,C-758,Transferencia,1651.76,SUC-Norte
TXN-1445,2026-08-01,14:49,C-437,Retiro Efectivo,1241.26,SUC-Centro
TXN-1634,2026-08-02,11:29,C-134,Retiro Efectivo,3203.88,SUC-Norte
TXN-1165,2026-08-21,12:20,C-707,Retiro Efectivo,3380.38,SUC-Norte
TXN-1554,2026-08-08,19:32,C-174,Transferencia,2357.84,SUC-Norte
TXN-1580,2026-08-02,07:29,C-484,Transferencia,75.29,Banca Movil
TXN-1442,2026-08-11,13:33,C-557,Retiro Efectivo,743.07,SUC-Centro
TXN-1065,2026-08-03,15:38,C-420,Transferencia,1420.18,Cajero Automático
TXN-1141,2026-08-05,11:32,C-612,Retiro Efectivo,523.91,SUC-Sur
TXN-1432,2026-08-23,19:11,C-197,Pago Tarjeta,510.13,SUC-Sur
TXN-1381,2026-08-22,20:29,C-997,Transferencia,3377.3,Cajero Automático
TXN-1688,2026-08-19,20:08,C-452,Pago Tarjeta,2602.37,SUC-Centro
TXN-1656,2026-08-04,15:41,C-339,Pago Tarjeta,720.43,Cajero Automático
TXN-1903,2026-08-24,18:58,C-346,Retiro Efectivo,608.19,Cajero Automático
TXN-1828,2026-08-25,10:02,C-941,Transferencia,1379.84,SUC-Norte
TXN-1918,2026-08-01,18:59,C-349,Deposito,815.11,SUC-Sur
TXN-1292,2026-08-08,16:43,C-656,Transferencia,252.33,Banca Movil
TXN-1209,2026-08-21,14:15,C-893,Transferencia,1894.83,SUC-Sur
TXN-1506,2026-08-02,11:22,C-179,Pago Tarjeta,1935.82,SUC-Sur
TXN-1049,2026-08-04,15:33,C-353,Retiro Efectivo,3194.73,Cajero Automático
TXN-1717,2026-08-08,18:28,C-526,Transferencia,3495.61,SUC-Sur
TXN-1964,2026-08-22,08:32,C-387,Transferencia,1454.61,Cajero Automático
TXN-1762,2026-08-05,21:06,C-220,Transferencia,649.78,Banca Movil
TXN-1334,2026-08-18,17:53,C-523,Transferencia,591.4,Cajero Automático
TXN-1890,2026-08-11,09:33,C-393,Retiro Efectivo,1714.51,SUC-Sur
TXN-1529,2026-08-19,12:22,C-622,Retiro Efectivo,2173.85,SUC-Norte
TXN-1468,2026-08-26,12:24,C-806,Pago Tarjeta,739.66,Cajero Automático
TXN-9000,2026-08-15,14:05,C-888,Transferencia,9950.0,Banca Movil
TXN-1231,2026-08-02,15:24,C-893,Retiro Efectivo,2529.74,SUC-Sur
TXN-1568,2026-08-22,12:07,C-887,Transferencia,2886.28,Banca Movil
TXN-1033,2026-08-19,11:35,C-851,Pago Tarjeta,2633.92,SUC-Sur
TXN-1031,2026-08-08,21:38,C-835,Transferencia,614.12,Cajero Automático
TXN-1736,2026-08-13,20:12,C-152,Deposito,668.05,SUC-Sur
TXN-1192,2026-08-10,14:07,C-585,Retiro Efectivo,3159.77,SUC-Sur
TXN-1318,2026-08-24,11:00,C-378,Transferencia,3423.74,SUC-Norte
TXN-1495,2026-08-09,19:08,C-796,Pago Tarjeta,1954.83,SUC-Sur
TXN-1934,2026-08-20,18:30,C-486,Retiro Efectivo,1036.72,SUC-Centro
TXN-1309,2026-08-04,11:12,C-865,Retiro Efectivo,1468.93,SUC-Sur
TXN-1935,2026-08-20,15:26,C-665,Retiro Efectivo,165.95,SUC-Sur
TXN-1715,2026-08-22,16:51,C-675,Pago Tarjeta,1953.0,Banca Movil
TXN-1109,2026-08-06,17:05,C-683,Retiro Efectivo,2950.2,SUC-Sur
TXN-1411,2026-08-22,08:54,C-114,Pago Tarjeta,3276.81,Cajero Automático
TXN-1077,2026-08-02,19:31,C-502,Retiro Efectivo,2260.05,SUC-Centro
TXN-1680,2026-08-18,12:19,C-852,Transferencia,2065.39,Banca Movil
TXN-1924,2026-08-22,09:15,C-968,Transferencia,1847.47,Cajero Automático
TXN-1082,2026-08-03,12:11,C-697,Transferencia,1080.83,Banca Movil
TXN-1404,2026-08-17,10:54,C-266,Transferencia,1604.24,SUC-Sur
TXN-1331,2026-08-08,11:43,C-338,Retiro Efectivo,3457.88,Cajero Automático
TXN-1605,2026-08-21,15:12,C-836,Pago Tarjeta,2224.25,Cajero Automático
TXN-1382,2026-08-23,21:44,C-138,Retiro Efectivo,1057.34,SUC-Sur
TXN-1539,2026-08-02,14:21,C-159,Retiro Efectivo,1792.73,Banca Movil
TXN-1846,2026-08-24,21:24,C-757,Transferencia,3144.54,Banca Movil
TXN-1002,2026-08-01,20:31,C-131,Transferencia,3041.8,SUC-Centro
TXN-1101,2026-08-21,11:55,C-844,Transferencia,2556.6,Cajero Automático
TXN-1371,2026-08-09,16:24,C-280,Deposito,1982.52,SUC-Centro
TXN-1462,2026-08-15,08:20,C-515,Transferencia,2973.19,SUC-Norte
TXN-1453,2026-08-17,15:19,C-468,Transferencia,448.15,Banca Movil
TXN-1208,2026-08-27,20:30,C-734,Transferencia,932.47,SUC-Sur
TXN-1885,2026-08-09,16:09,C-117,Retiro Efectivo,1000.68,SUC-Sur
TXN-1005,2026-08-08,21:53,C-658,Transferencia,598.45,SUC-Norte
TXN-1054,2026-08-28,11:19,C-493,Retiro Efectivo,2827.55,SUC-Sur
TXN-1307,2026-08-14,18:16,C-771,Pago Tarjeta,3225.37,SUC-Sur
TXN-1858,2026-08-13,08:05,C-522,Transferencia,2607.81,SUC-Centro
TXN-1811,2026-08-13,10:46,C-527,Transferencia,345.83,SUC-Norte
TXN-1447,2026-08-20,16:06,C-696,Deposito,3435.61,Banca Movil
TXN-1097,2026-08-22,16:14,C-210,Transferencia,171.85,SUC-Norte
TXN-1597,2026-08-13,15:05,C-328,Pago Tarjeta,351.95,SUC-Norte
TXN-1204,2026-08-04,14:59,C-274,Pago Tarjeta,1314.74,SUC-Sur
TXN-1514,2026-08-24,08:48,C-686,Transferencia,649.59,SUC-Sur
TXN-1628,2026-08-17,08:30,C-116,Transferencia,1398.92,SUC-Norte
TXN-1945,2026-08-01,15:40,C-544,Transferencia,2739.87,SUC-Norte
TXN-1527,2026-08-27,18:48,C-600,Pago Tarjeta,225.45,SUC-Centro
TXN-1344,2026-08-15,12:47,C-261,Transferencia,2269.44,Banca Movil
TXN-1855,2026-08-14,16:52,C-149,Retiro Efectivo,2773.97,SUC-Sur
TXN-1025,2026-08-07,07:31,C-308,Retiro Efectivo,1335.01,Cajero Automático
TXN-1084,2026-08-08,20:30,C-149,Pago Tarjeta,2690.89,Cajero Automático
TXN-1010,2026-08-22,11:39,C-350,Deposito,3083.7,SUC-Sur
TXN-1893,2026-08-13,11:15,C-932,Pago Tarjeta,925.53,SUC-Norte
TXN-1770,2026-08-25,09:48,C-309,Retiro Efectivo,1831.48,SUC-Centro
TXN-1621,2026-08-14,14:43,C-215,Transferencia,2690.2,Cajero Automático
TXN-1365,2026-08-13,19:25,C-840,Deposito,2366.59,SUC-Sur
TXN-1752,2026-08-26,21:14,C-322,Transferencia,1618.52,Banca Movil
TXN-1118,2026-08-11,18:18,C-561,Pago Tarjeta,2395.01,SUC-Centro
TXN-1350,2026-08-02,21:17,C-766,Pago Tarjeta,3005.23,Cajero Automático
TXN-1250,2026-08-17,20:28,C-277,Deposito,2931.55,Banca Movil
TXN-1705,2026-08-10,15:53,C-346,Pago Tarjeta,3107.86,SUC-Norte
TXN-1941,2026-08-06,14:43,C-275,Retiro Efectivo,875.44,Banca Movil
TXN-1196,2026-08-01,09:19,C-894,Transferencia,3217.81,SUC-Norte
TXN-1596,2026-08-07,16:25,C-845,Transferencia,1194.42,Cajero Automático
TXN-1081,2026-08-10,14:28,C-320,Deposito,3128.69,SUC-Sur
TXN-1960,2026-08-23,17:35,C-377,Deposito,721.11,SUC-Centro
TXN-1457,2026-08-03,13:27,C-783,Pago Tarjeta,2351.69,Cajero Automático
TXN-1611,2026-08-11,08:09,C-335,Transferencia,2183.31,SUC-Norte
TXN-1239,2026-08-03,12:47,C-822,Deposito,745.77,Banca Movil
TXN-1277,2026-08-08,20:06,C-312,Deposito,2195.23,Cajero Automático
TXN-1211,2026-08-20,09:24,C-489,Transferencia,3481.65,SUC-Norte
TXN-1708,2026-08-21,17:21,C-407,Retiro Efectivo,114.27,Cajero Automático
TXN-1859,2026-08-11,12:42,C-240,Retiro Efectivo,2677.31,Cajero Automático
TXN-1713,2026-08-25,09:53,C-574,Retiro Efectivo,2085.63,SUC-Centro
TXN-1227,2026-08-27,09:28,C-807,Transferencia,2139.44,SUC-Centro
TXN-1843,2026-08-27,12:27,C-600,Pago Tarjeta,499.63,SUC-Centro
TXN-1497,2026-08-16,16:35,C-710,Transferencia,917.13,SUC-Centro
TXN-1785,2026-08-09,16:29,C-625,Transferencia,458.24,SUC-Centro
TXN-1482,2026-08-24,20:29,C-482,Transferencia,3033.7,Banca Movil
TXN-1636,2026-08-14,07:23,C-712,Transferencia,2566.17,Cajero Automático
TXN-1346,2026-08-28,10:08,C-768,Transferencia,860.75,SUC-Norte
TXN-1450,2026-08-03,07:46,C-111,Transferencia,1788.43,Cajero Automático
TXN-1824,2026-08-07,19:08,C-801,Transferencia,1232.22,Banca Movil
TXN-1352,2026-08-18,11:58,C-874,Retiro Efectivo,459.54,SUC-Centro
TXN-1007,2026-08-05,09:27,C-757,Transferencia,1798.44,Cajero Automático
TXN-1155,2026-08-08,07:48,C-243,Retiro Efectivo,993.67,SUC-Sur
TXN-1534,2026-08-02,09:47,C-235,Retiro Efectivo,2754.91,SUC-Norte
TXN-1422,2026-08-03,15:13,C-976,Deposito,3095.3,SUC-Centro
TXN-1704,2026-08-03,15:49,C-584,Pago Tarjeta,958.16,Banca Movil
TXN-1380,2026-08-18,08:40,C-396,Retiro Efectivo,2913.1,SUC-Norte
TXN-1767,2026-08-18,11:58,C-812,Deposito,1832.49,SUC-Norte
TXN-1559,2026-08-06,14:33,C-165,Transferencia,3358.19,Banca Movil
TXN-1319,2026-08-02,16:55,C-240,Pago Tarjeta,2360.96,SUC-Norte
TXN-1591,2026-08-28,20:44,C-282,Pago Tarjeta,2280.64,SUC-Norte
TXN-1920,2026-08-05,09:50,C-331,Pago Tarjeta,180.26,SUC-Sur
TXN-1398,2026-08-16,08:53,C-579,Transferencia,421.79,SUC-Norte
TXN-1523,2026-08-23,21:42,C-796,Pago Tarjeta,2498.43,SUC-Centro
TXN-1809,2026-08-05,12:50,C-693,Transferencia,2333.02,SUC-Centro
TXN-1501,2026-08-03,20:42,C-638,Pago Tarjeta,2913.44,Banca Movil
TXN-1430,2026-08-07,09:08,C-510,Pago Tarjeta,3398.2,SUC-Norte
TXN-9004,2026-08-15,14:55,C-888,Transferencia,9990.0,Banca Movil
TXN-1228,2026-08-26,15:30,C-308,Transferencia,523.21,SUC-Sur
TXN-1764,2026-08-15,17:21,C-872,Transferencia,1310.27,Banca Movil
TXN-1877,2026-08-03,20:38,C-775,Transferencia,1139.86,SUC-Centro
TXN-1212,2026-08-07,10:58,C-251,Pago Tarjeta,2333.8,Cajero Automático
TXN-1079,2026-08-08,07:36,C-568,Transferencia,950.96,SUC-Sur
TXN-1148,2026-08-09,07:05,C-923,Pago Tarjeta,2519.06,SUC-Sur
TXN-1302,2026-08-16,17:34,C-394,Retiro Efectivo,149.42,Cajero Automático
TXN-1545,2026-08-04,07:09,C-840,Deposito,1195.0,SUC-Sur
TXN-1536,2026-08-12,08:47,C-525,Pago Tarjeta,808.87,Banca Movil
TXN-1327,2026-08-11,10:38,C-785,Retiro Efectivo,2383.22,Banca Movil
TXN-1975,2026-08-22,07:41,C-247,Retiro Efectivo,3382.89,Cajero Automático
TXN-1799,2026-08-03,15:23,C-146,Transferencia,185.21,Cajero Automático
TXN-1133,2026-08-23,09:50,C-671,Retiro Efectivo,295.69,Banca Movil
TXN-1543,2026-08-08,16:38,C-926,Transferencia,813.13,Banca Movil
TXN-1311,2026-08-22,14:06,C-319,Deposito,952.56,Banca Movil
TXN-1599,2026-08-09,11:47,C-103,Retiro Efectivo,2790.04,Banca Movil
TXN-1423,2026-08-14,16:13,C-754,Transferencia,1789.18,SUC-Norte
TXN-1000,2026-08-21,12:00,C-732,Transferencia,2606.26,SUC-Centro
TXN-1316,2026-08-15,07:53,C-675,Transferencia,2039.44,SUC-Centro
TXN-1697,2026-08-17,09:13,C-518,Retiro Efectivo,1953.27,SUC-Norte
TXN-1797,2026-08-09,09:42,C-420,Transferencia,605.9,SUC-Centro
TXN-1328,2026-08-26,19:22,C-643,Retiro Efectivo,1377.82,Banca Movil
TXN-1525,2026-08-18,11:01,C-834,Retiro Efectivo,580.28,SUC-Sur
TXN-1972,2026-08-12,16:02,C-116,Retiro Efectivo,2855.36,SUC-Sur
TXN-1433,2026-08-11,08:42,C-289,Retiro Efectivo,1473.97,SUC-Norte
TXN-1172,2026-08-13,19:35,C-825,Transferencia,2924.64,SUC-Sur
TXN-1125,2026-08-02,17:51,C-725,Pago Tarjeta,1193.04,SUC-Norte
TXN-1541,2026-08-07,11:46,C-573,Transferencia,1902.77,Cajero Automático
TXN-1880,2026-08-05,09:04,C-106,Retiro Efectivo,2297.94,Banca Movil
TXN-1889,2026-08-15,08:36,C-648,Deposito,2754.07,Banca Movil
TXN-1090,2026-08-21,09:09,C-769,Transferencia,2398.61,SUC-Norte
TXN-1925,2026-08-04,19:31,C-182,Transferencia,2505.04,SUC-Centro
TXN-1181,2026-08-22,14:26,C-212,Pago Tarjeta,2080.91,SUC-Sur
TXN-1274,2026-08-01,08:27,C-889,Transferencia,638.27,SUC-Norte
TXN-1881,2026-08-28,10:49,C-644,Transferencia,925.03,SUC-Norte
TXN-1069,2026-08-21,12:11,C-610,Transferencia,2959.33,SUC-Norte
TXN-1291,2026-08-17,20:24,C-792,Retiro Efectivo,2451.79,SUC-Centro
TXN-1131,2026-08-07,20:09,C-913,Deposito,2063.33,Banca Movil
TXN-1300,2026-08-19,19:29,C-397,Transferencia,1360.14,Banca Movil
TXN-1802,2026-08-08,19:32,C-326,Pago Tarjeta,941.0,SUC-Centro
TXN-1326,2026-08-24,19:51,C-151,Retiro Efectivo,1242.84,Banca Movil
TXN-1144,2026-08-08,16:02,C-139,Transferencia,2014.44,Cajero Automático
TXN-1405,2026-08-03,12:06,C-848,Deposito,2321.68,Banca Movil
TXN-1787,2026-08-08,20:57,C-577,Deposito,2848.55,Banca Movil
TXN-1135,2026-08-07,18:52,C-873,Transferencia,1776.65,SUC-Sur
TXN-1532,2026-08-14,16:42,C-156,Deposito,2025.74,SUC-Centro
TXN-1164,2026-08-05,12:26,C-406,Transferencia,1441.71,Banca Movil
TXN-1028,2026-08-23,10:22,C-247,Retiro Efectivo,3053.16,SUC-Centro
TXN-1783,2026-08-16,10:26,C-367,Deposito,1299.67,SUC-Norte
TXN-1193,2026-08-14,07:40,C-371,Transferencia,1289.42,SUC-Centro
TXN-1902,2026-08-01,16:18,C-252,Pago Tarjeta,2462.62,Banca Movil
TXN-1629,2026-08-04,14:40,C-346,Pago Tarjeta,2801.32,SUC-Centro
TXN-1169,2026-08-14,18:31,C-621,Transferencia,1337.2,Cajero Automático
TXN-1728,2026-08-03,21:53,C-560,Retiro Efectivo,1782.48,Cajero Automático
TXN-1140,2026-08-15,18:25,C-511,Pago Tarjeta,2997.13,Cajero Automático
TXN-1173,2026-08-13,07:29,C-676,Retiro Efectivo,707.49,Banca Movil
TXN-1006,2026-08-08,14:45,C-396,Pago Tarjeta,1123.37,Banca Movil
TXN-1633,2026-08-09,15:04,C-708,Transferencia,2386.65,Banca Movil
TXN-1638,2026-08-17,08:41,C-820,Transferencia,3325.65,Banca Movil
TXN-1073,2026-08-19,07:03,C-415,Transferencia,1079.74,Banca Movil
TXN-1850,2026-08-20,21:51,C-959,Pago Tarjeta,1327.8,Cajero Automático
TXN-1857,2026-08-01,11:20,C-106,Transferencia,2082.22,SUC-Sur
TXN-1238,2026-08-27,13:02,C-163,Retiro Efectivo,1854.85,Cajero Automático
TXN-1145,2026-08-24,21:27,C-240,Deposito,3177.84,SUC-Norte
TXN-1781,2026-08-24,10:19,C-467,Transferencia,779.73,SUC-Norte
TXN-1234,2026-08-03,10:44,C-993,Transferencia,416.61,SUC-Centro
TXN-1220,2026-08-01,19:32,C-295,Retiro Efectivo,578.29,SUC-Norte
TXN-1456,2026-08-12,14:54,C-163,Deposito,2018.7,SUC-Centro
TXN-1481,2026-08-04,13:21,C-720,Retiro Efectivo,2601.25,Banca Movil
TXN-1132,2026-08-19,08:03,C-447,Retiro Efectivo,3307.84,SUC-Centro
TXN-1976,2026-08-12,19:36,C-870,Retiro Efectivo,1992.93,SUC-Sur
TXN-1528,2026-08-12,11:58,C-193,Transferencia,3266.72,Banca Movil
TXN-1185,2026-08-18,14:40,C-915,Deposito,1053.36,SUC-Norte
TXN-1041,2026-08-23,18:31,C-675,Transferencia,2283.46,Banca Movil
TXN-1602,2026-08-25,09:04,C-405,Transferencia,835.38,Cajero Automático
TXN-1108,2026-08-08,10:16,C-152,Retiro Efectivo,2966.7,SUC-Centro
TXN-1581,2026-08-28,21:04,C-182,Retiro Efectivo,275.88,SUC-Norte
TXN-1056,2026-08-20,08:46,C-730,Transferencia,3386.23,SUC-Centro
TXN-1388,2026-08-02,08:15,C-443,Retiro Efectivo,2523.15,SUC-Centro
TXN-1424,2026-08-22,20:55,C-515,Transferencia,1377.09,Banca Movil
TXN-1788,2026-08-27,14:38,C-200,Transferencia,2534.88,SUC-Centro
TXN-1847,2026-08-24,12:11,C-160,Transferencia,2723.3,SUC-Norte
TXN-1024,2026-08-18,13:21,C-575,Deposito,155.44,SUC-Sur
TXN-1428,2026-08-11,16:00,C-435,Retiro Efectivo,993.91,Cajero Automático
TXN-1790,2026-08-09,17:32,C-839,Deposito,1701.91,SUC-Norte
TXN-1687,2026-08-26,19:21,C-148,Transferencia,814.26,Banca Movil
TXN-1685,2026-08-07,11:35,C-669,Transferencia,66.67,Banca Movil
TXN-1912,2026-08-02,17:22,C-506,Deposito,68.25,SUC-Sur
TXN-1338,2026-08-06,07:19,C-202,Pago Tarjeta,308.29,SUC-Sur
TXN-1051,2026-08-13,18:35,C-199,Transferencia,2123.94,SUC-Centro
TXN-1696,2026-08-07,12:19,C-526,Retiro Efectivo,1103.88,SUC-Norte
TXN-1932,2026-08-12,08:19,C-515,Retiro Efectivo,2316.25,SUC-Norte
TXN-1906,2026-08-12,20:04,C-639,Retiro Efectivo,1217.61,Banca Movil
TXN-1662,2026-08-14,12:23,C-712,Deposito,3480.38,Cajero Automático
TXN-1264,2026-08-21,15:24,C-370,Retiro Efectivo,186.08,SUC-Sur
TXN-1530,2026-08-18,07:11,C-556,Transferencia,2333.52,SUC-Norte
TXN-1673,2026-08-22,11:46,C-326,Transferencia,395.16,Cajero Automático
TXN-1483,2026-08-18,13:26,C-525,Retiro Efectivo,2611.32,SUC-Norte
TXN-1507,2026-08-01,08:36,C-677,Pago Tarjeta,2131.69,SUC-Norte
TXN-1429,2026-08-09,11:54,C-188,Retiro Efectivo,3374.4,SUC-Norte
TXN-1018,2026-08-03,20:59,C-805,Pago Tarjeta,2480.99,Cajero Automático
TXN-1706,2026-08-17,18:56,C-969,Transferencia,313.8,Cajero Automático
TXN-1464,2026-08-18,08:08,C-614,Retiro Efectivo,1853.42,Banca Movil
TXN-1904,2026-08-18,14:12,C-296,Deposito,789.88,SUC-Centro
TXN-1722,2026-08-02,11:48,C-348,Transferencia,2713.9,Cajero Automático
TXN-1367,2026-08-06,15:07,C-138,Retiro Efectivo,1303.53,Banca Movil
TXN-1083,2026-08-28,07:16,C-461,Retiro Efectivo,567.26,SUC-Sur
TXN-1061,2026-08-15,10:13,C-933,Deposito,919.4,SUC-Centro
TXN-1439,2026-08-21,07:11,C-367,Transferencia,2505.97,SUC-Sur
TXN-1272,2026-08-03,21:18,C-330,Transferencia,2989.4,SUC-Norte
TXN-1285,2026-08-08,09:15,C-914,Pago Tarjeta,1380.72,Banca Movil
TXN-1360,2026-08-14,20:43,C-767,Retiro Efectivo,2134.5,SUC-Sur
TXN-1354,2026-08-01,19:18,C-428,Retiro Efectivo,2304.14,SUC-Norte
TXN-1720,2026-08-05,18:15,C-237,Pago Tarjeta,1312.07,SUC-Centro
TXN-1278,2026-08-19,14:10,C-806,Transferencia,3080.74,Cajero Automático
TXN-1012,2026-08-18,15:49,C-926,Retiro Efectivo,715.03,SUC-Centro
TXN-1182,2026-08-24,07:12,C-526,Retiro Efectivo,626.22,Banca Movil
TXN-1368,2026-08-13,14:23,C-279,Transferencia,237.25,SUC-Centro
TXN-1518,2026-08-14,15:49,C-435,Retiro Efectivo,1970.27,SUC-Sur
TXN-1753,2026-08-23,20:28,C-590,Transferencia,210.21,SUC-Norte
TXN-1223,2026-08-16,18:19,C-421,Transferencia,1088.85,SUC-Sur
TXN-1852,2026-08-16,19:05,C-176,Transferencia,1877.87,Banca Movil
TXN-1810,2026-08-08,08:22,C-837,Transferencia,1027.92,Cajero Automático
TXN-1803,2026-08-09,15:01,C-859,Retiro Efectivo,671.13,SUC-Centro
TXN-1499,2026-08-28,17:07,C-906,Retiro Efectivo,2744.19,Cajero Automático
TXN-1575,2026-08-26,20:42,C-483,Deposito,1822.94,SUC-Centro
TXN-1601,2026-08-03,12:49,C-123,Deposito,2033.62,SUC-Sur
TXN-1176,2026-08-17,08:49,C-935,Retiro Efectivo,908.44,SUC-Norte
TXN-1657,2026-08-24,09:02,C-935,Transferencia,675.69,SUC-Norte
TXN-1784,2026-08-15,17:50,C-468,Deposito,2524.69,Banca Movil
TXN-1578,2026-08-13,20:47,C-990,Pago Tarjeta,3349.15,Banca Movil
TXN-1513,2026-08-06,15:23,C-307,Retiro Efectivo,695.07,Banca Movil
TXN-1786,2026-08-25,08:07,C-609,Deposito,844.69,SUC-Sur
TXN-1163,2026-08-04,08:30,C-962,Transferencia,2235.53,Cajero Automático
TXN-1248,2026-08-06,12:55,C-485,Transferencia,2367.13,Banca Movil
TXN-1626,2026-08-14,17:20,C-729,Pago Tarjeta,1890.46,Cajero Automático
TXN-1872,2026-08-13,17:25,C-732,Retiro Efectivo,2044.06,Banca Movil
TXN-1965,2026-08-20,17:10,C-656,Transferencia,417.3,Banca Movil
TXN-1375,2026-08-10,14:01,C-906,Transferencia,2519.9,Banca Movil
TXN-1412,2026-08-28,20:29,C-854,Retiro Efectivo,2943.92,Cajero Automático
TXN-1074,2026-08-07,15:18,C-609,Transferencia,422.96,SUC-Sur
TXN-1113,2026-08-21,07:26,C-666,Pago Tarjeta,491.41,SUC-Centro
TXN-1631,2026-08-19,11:37,C-168,Transferencia,3362.46,SUC-Norte
TXN-1864,2026-08-24,14:22,C-824,Transferencia,852.17,Banca Movil
TXN-1390,2026-08-24,09:24,C-565,Retiro Efectivo,419.02,SUC-Sur
TXN-1104,2026-08-21,16:03,C-512,Transferencia,2757.89,Banca Movil
TXN-1114,2026-08-23,14:44,C-395,Retiro Efectivo,942.35,Banca Movil
TXN-1417,2026-08-08,19:21,C-790,Transferencia,2046.01,SUC-Centro
TXN-1911,2026-08-21,20:20,C-914,Deposito,3377.77,Banca Movil
TXN-1409,2026-08-20,07:25,C-835,Retiro Efectivo,1879.76,SUC-Norte
TXN-1092,2026-08-12,11:05,C-581,Deposito,2311.13,SUC-Sur
TXN-1557,2026-08-26,11:43,C-452,Transferencia,2167.27,SUC-Norte
TXN-1089,2026-08-15,17:03,C-963,Deposito,2328.83,SUC-Sur
TXN-1336,2026-08-05,08:57,C-834,Transferencia,2988.96,SUC-Norte
TXN-1974,2026-08-14,07:05,C-701,Transferencia,2444.96,SUC-Sur
TXN-1907,2026-08-08,14:11,C-358,Retiro Efectivo,1949.49,SUC-Centro
TXN-1919,2026-08-20,18:40,C-813,Retiro Efectivo,326.14,Cajero Automático
TXN-1598,2026-08-11,13:55,C-954,Transferencia,237.22,Cajero Automático
TXN-1756,2026-08-02,13:03,C-440,Pago Tarjeta,2477.89,SUC-Norte
TXN-1603,2026-08-09,15:40,C-574,Transferencia,942.34,SUC-Norte
TXN-1094,2026-08-12,15:48,C-649,Transferencia,945.02,SUC-Sur
TXN-1011,2026-08-24,19:58,C-924,Pago Tarjeta,149.87,Cajero Automático
TXN-1396,2026-08-02,09:56,C-971,Transferencia,2745.9,SUC-Centro
TXN-1526,2026-08-02,09:17,C-697,Transferencia,1163.07,SUC-Norte
TXN-1043,2026-08-11,07:05,C-426,Transferencia,978.34,SUC-Centro
TXN-1042,2026-08-14,14:50,C-208,Transferencia,2388.05,Banca Movil
TXN-1329,2026-08-28,10:40,C-331,Pago Tarjeta,2944.66,SUC-Norte
TXN-1167,2026-08-26,20:10,C-619,Transferencia,180.15,SUC-Norte
TXN-1478,2026-08-05,20:13,C-256,Transferencia,2858.39,SUC-Sur
TXN-1863,2026-08-13,09:44,C-169,Transferencia,1696.14,SUC-Centro
TXN-1590,2026-08-26,16:29,C-221,Retiro Efectivo,2724.46,Banca Movil
TXN-1745,2026-08-28,20:07,C-292,Transferencia,266.87,SUC-Norte
TXN-1100,2026-08-22,21:28,C-370,Retiro Efectivo,705.21,SUC-Centro
TXN-1426,2026-08-19,19:09,C-537,Transferencia,3209.89,SUC-Centro
TXN-1178,2026-08-18,15:52,C-477,Transferencia,1238.01,Cajero Automático
TXN-1444,2026-08-03,08:30,C-373,Retiro Efectivo,1052.5,Banca Movil
TXN-1416,2026-08-19,07:03,C-681,Pago Tarjeta,661.35,SUC-Norte
TXN-1692,2026-08-15,15:05,C-904,Pago Tarjeta,2578.76,SUC-Sur
TXN-1869,2026-08-20,11:40,C-566,Transferencia,702.12,Cajero Automático
TXN-1650,2026-08-22,14:32,C-984,Pago Tarjeta,1473.66,Cajero Automático
TXN-1177,2026-08-09,13:55,C-117,Transferencia,2442.66,Banca Movil
TXN-1395,2026-08-02,18:46,C-237,Transferencia,1626.81,SUC-Sur
TXN-1667,2026-08-18,07:50,C-342,Transferencia,388.8,Banca Movil
TXN-1940,2026-08-27,08:28,C-819,Deposito,174.41,SUC-Norte
TXN-1946,2026-08-10,16:11,C-760,Retiro Efectivo,1268.29,SUC-Centro
TXN-1675,2026-08-06,21:38,C-407,Transferencia,3155.41,SUC-Sur
TXN-1383,2026-08-16,11:41,C-109,Pago Tarjeta,1850.85,SUC-Centro
TXN-1942,2026-08-10,15:22,C-184,Transferencia,50.99,Banca Movil
TXN-1257,2026-08-24,14:50,C-890,Transferencia,932.83,SUC-Sur
TXN-1531,2026-08-05,20:09,C-928,Transferencia,1742.4,SUC-Centro
TXN-1335,2026-08-15,09:40,C-438,Deposito,2978.52,SUC-Centro
TXN-1606,2026-08-17,21:49,C-657,Pago Tarjeta,1543.94,SUC-Centro
TXN-1015,2026-08-14,18:37,C-404,Retiro Efectivo,910.74,SUC-Sur
TXN-1003,2026-08-24,08:27,C-609,Transferencia,2882.51,SUC-Norte
TXN-1868,2026-08-05,16:27,C-617,Pago Tarjeta,1459.83,Banca Movil
TXN-1909,2026-08-03,14:05,C-462,Pago Tarjeta,2488.43,Cajero Automático
TXN-1256,2026-08-25,09:04,C-792,Retiro Efectivo,399.45,SUC-Norte
TXN-1538,2026-08-28,13:26,C-677,Transferencia,285.21,SUC-Norte
TXN-1949,2026-08-13,21:55,C-679,Retiro Efectivo,1836.21,Cajero Automático
TXN-1737,2026-08-16,19:38,C-374,Pago Tarjeta,3323.06,SUC-Sur
TXN-1572,2026-08-08,13:34,C-846,Transferencia,201.29,SUC-Sur
TXN-1393,2026-08-24,18:34,C-636,Retiro Efectivo,3259.25,SUC-Norte
TXN-1222,2026-08-11,07:18,C-551,Pago Tarjeta,2224.57,SUC-Sur
TXN-1179,2026-08-28,07:42,C-439,Pago Tarjeta,494.81,SUC-Sur
TXN-1289,2026-08-11,09:11,C-224,Transferencia,2799.34,SUC-Centro
TXN-1969,2026-08-19,18:57,C-283,Pago Tarjeta,2820.15,SUC-Norte
TXN-1324,2026-08-02,20:57,C-345,Retiro Efectivo,2332.91,Banca Movil
TXN-1583,2026-08-08,16:27,C-777,Retiro Efectivo,2718.86,Banca Movil
TXN-1009,2026-08-04,15:41,C-594,Transferencia,2986.97,SUC-Sur
TXN-1249,2026-08-09,08:55,C-421,Pago Tarjeta,3178.74,SUC-Sur
TXN-1022,2026-08-20,14:36,C-525,Transferencia,2242.16,SUC-Sur
TXN-1356,2026-08-25,12:51,C-761,Retiro Efectivo,1472.57,SUC-Sur
TXN-1878,2026-08-21,17:50,C-599,Retiro Efectivo,1299.83,SUC-Sur
TXN-1848,2026-08-18,14:44,C-636,Retiro Efectivo,2289.85,Banca Movil
TXN-1340,2026-08-15,07:37,C-889,Pago Tarjeta,881.08,Cajero Automático
TXN-1431,2026-08-22,15:16,C-785,Retiro Efectivo,1612.32,SUC-Centro
TXN-1544,2026-08-22,08:56,C-415,Retiro Efectivo,786.07,SUC-Centro
TXN-1820,2026-08-18,20:49,C-351,Retiro Efectivo,677.5,SUC-Norte
TXN-1203,2026-08-17,20:09,C-591,Pago Tarjeta,633.0,SUC-Sur
TXN-1622,2026-08-12,21:56,C-132,Transferencia,1559.98,SUC-Centro
TXN-1093,2026-08-06,10:07,C-392,Transferencia,3491.27,SUC-Centro
TXN-1551,2026-08-20,14:38,C-863,Retiro Efectivo,2891.72,Banca Movil
TXN-1068,2026-08-27,11:14,C-263,Retiro Efectivo,2335.13,Banca Movil
TXN-1977,2026-08-03,11:41,C-940,Transferencia,2706.39,SUC-Norte
TXN-1284,2026-08-02,12:27,C-673,Transferencia,987.82,SUC-Centro
TXN-1873,2026-08-19,12:32,C-753,Transferencia,456.51,SUC-Norte
TXN-1434,2026-08-08,20:01,C-243,Transferencia,2465.05,Cajero Automático
TXN-1153,2026-08-13,17:52,C-720,Retiro Efectivo,2239.02,SUC-Centro
TXN-1075,2026-08-23,18:08,C-123,Transferencia,270.24,SUC-Centro
TXN-1721,2026-08-01,14:39,C-497,Pago Tarjeta,820.41,SUC-Centro
TXN-1446,2026-08-15,12:32,C-409,Retiro Efectivo,2369.69,SUC-Sur
TXN-1188,2026-08-25,11:35,C-804,Transferencia,1215.53,SUC-Sur
TXN-1271,2026-08-08,17:43,C-405,Pago Tarjeta,208.32,Cajero Automático
TXN-1236,2026-08-24,13:14,C-853,Retiro Efectivo,739.14,Banca Movil
TXN-1487,2026-08-20,11:23,C-875,Transferencia,2805.94,Cajero Automático
TXN-1117,2026-08-22,10:18,C-616,Pago Tarjeta,681.59,SUC-Sur
TXN-1959,2026-08-04,11:12,C-586,Pago Tarjeta,2141.95,Banca Movil
TXN-1512,2026-08-09,12:54,C-617,Pago Tarjeta,2405.17,SUC-Norte
TXN-1620,2026-08-20,19:37,C-883,Transferencia,348.44,SUC-Sur
TXN-1584,2026-08-07,16:25,C-995,Transferencia,3034.08,SUC-Norte
TXN-1126,2026-08-26,21:12,C-221,Transferencia,948.93,SUC-Centro
TXN-1116,2026-08-08,11:02,C-495,Retiro Efectivo,2682.07,SUC-Sur
TXN-1473,2026-08-27,19:44,C-729,Transferencia,2945.87,SUC-Sur
TXN-1684,2026-08-10,18:05,C-537,Transferencia,1527.66,SUC-Sur
TXN-1057,2026-08-09,10:20,C-528,Transferencia,2267.45,SUC-Norte
TXN-1665,2026-08-23,19:21,C-938,Transferencia,1052.75,Cajero Automático
TXN-1898,2026-08-09,15:07,C-283,Pago Tarjeta,2999.75,Cajero Automático
TXN-1369,2026-08-01,17:47,C-527,Retiro Efectivo,819.07,SUC-Sur
TXN-1268,2026-08-15,20:34,C-352,Transferencia,2597.96,Banca Movil
TXN-1046,2026-08-07,10:19,C-225,Transferencia,2742.05,Banca Movil
TXN-1349,2026-08-04,15:32,C-588,Transferencia,1595.94,SUC-Sur
TXN-1195,2026-08-15,10:45,C-901,Retiro Efectivo,3320.89,Banca Movil
TXN-9999,2026-08-20,03:15,C-404,Retiro Efectivo,45000.0,Cajero Automático
TXN-1896,2026-08-27,14:33,C-540,Pago Tarjeta,2483.96,SUC-Sur
TXN-1882,2026-08-15,17:23,C-664,Transferencia,2999.67,SUC-Sur
TXN-1263,2026-08-22,17:54,C-809,Transferencia,652.72,SUC-Sur
TXN-1443,2026-08-25,08:47,C-871,Transferencia,2203.38,Banca Movil
TXN-1666,2026-08-10,17:38,C-428,Retiro Efectivo,282.4,Banca Movil
TXN-1304,2026-08-26,14:22,C-180,Pago Tarjeta,2942.95,SUC-Sur
TXN-1341,2026-08-08,12:46,C-240,Retiro Efectivo,3397.0,SUC-Centro
TXN-1952,2026-08-07,09:19,C-640,Transferencia,361.07,Banca Movil
TXN-1149,2026-08-24,10:43,C-585,Deposito,2737.35,SUC-Sur
TXN-1124,2026-08-27,17:37,C-796,Pago Tarjeta,2768.91,Cajero Automático
TXN-1908,2026-08-21,21:45,C-934,Transferencia,2454.85,Banca Movil
TXN-1050,2026-08-03,12:27,C-244,Retiro Efectivo,2283.43,Cajero Automático
TXN-1353,2026-08-27,20:30,C-394,Retiro Efectivo,1765.94,SUC-Norte
TXN-1913,2026-08-25,18:04,C-180,Pago Tarjeta,364.26,SUC-Centro
TXN-1142,2026-08-09,15:31,C-141,Transferencia,741.02,Banca Movil
TXN-1470,2026-08-17,11:29,C-754,Retiro Efectivo,605.23,SUC-Norte
TXN-1399,2026-08-17,14:39,C-379,Transferencia,1479.92,Cajero Automático
TXN-1617,2026-08-09,19:40,C-293,Retiro Efectivo,416.17,SUC-Sur
TXN-1320,2026-08-22,17:49,C-211,Pago Tarjeta,1217.14,SUC-Norte
TXN-1019,2026-08-07,08:17,C-161,Deposito,995.22,SUC-Norte
TXN-1796,2026-08-08,16:26,C-479,Pago Tarjeta,2028.53,Cajero Automático
TXN-1861,2026-08-22,14:38,C-745,Retiro Efectivo,387.12,SUC-Norte
TXN-1795,2026-08-21,12:15,C-308,Transferencia,198.85,SUC-Centro
TXN-1407,2026-08-06,15:57,C-763,Retiro Efectivo,514.49,SUC-Sur
TXN-1537,2026-08-26,15:13,C-567,Retiro Efectivo,684.35,SUC-Sur
TXN-1740,2026-08-05,17:30,C-719,Retiro Efectivo,2588.92,SUC-Centro
TXN-1038,2026-08-25,15:48,C-878,Retiro Efectivo,2024.29,Cajero Automático
TXN-1175,2026-08-15,11:20,C-586,Retiro Efectivo,2212.07,SUC-Sur
TXN-1245,2026-08-22,09:31,C-778,Transferencia,3269.28,SUC-Norte
TXN-1886,2026-08-13,17:28,C-642,Transferencia,2398.09,SUC-Centro
TXN-1894,2026-08-09,08:01,C-814,Retiro Efectivo,1107.95,SUC-Norte
TXN-1743,2026-08-01,08:45,C-994,Transferencia,804.93,SUC-Norte
TXN-1845,2026-08-18,18:28,C-655,Transferencia,2904.95,Banca Movil
TXN-1154,2026-08-12,11:36,C-627,Retiro Efectivo,66.26,Cajero Automático
TXN-1287,2026-08-02,16:43,C-380,Deposito,2809.65,SUC-Centro
TXN-1595,2026-08-22,10:27,C-230,Transferencia,1634.33,Banca Movil
TXN-1569,2026-08-28,07:31,C-238,Transferencia,1343.61,SUC-Norte
TXN-1732,2026-08-19,19:18,C-648,Deposito,2168.42,SUC-Centro
TXN-1017,2026-08-01,20:15,C-174,Transferencia,3217.21,Banca Movil
TXN-1127,2026-08-11,13:07,C-231,Deposito,1064.48,Banca Movil
TXN-1322,2026-08-21,21:38,C-858,Retiro Efectivo,2467.0,Cajero Automático
TXN-1255,2026-08-18,20:41,C-462,Pago Tarjeta,2546.29,SUC-Norte
TXN-1649,2026-08-03,12:38,C-872,Transferencia,1236.29,Cajero Automático
TXN-1950,2026-08-13,07:53,C-978,Transferencia,2592.39,Banca Movil
TXN-1190,2026-08-11,11:28,C-127,Deposito,3484.38,Cajero Automático
TXN-1115,2026-08-18,16:30,C-175,Transferencia,2838.79,SUC-Centro
TXN-1625,2026-08-11,12:55,C-529,Retiro Efectivo,1685.26,Cajero Automático
TXN-1180,2026-08-01,20:34,C-789,Transferencia,1373.25,SUC-Sur
TXN-1301,2026-08-19,21:18,C-143,Transferencia,1287.17,SUC-Norte
TXN-1800,2026-08-23,08:33,C-676,Pago Tarjeta,2024.33,SUC-Sur
TXN-1703,2026-08-22,19:06,C-650,Transferencia,1908.23,Cajero Automático
TXN-1714,2026-08-08,18:49,C-159,Transferencia,3176.75,SUC-Norte
TXN-1760,2026-08-04,12:14,C-294,Transferencia,958.44,SUC-Centro
TXN-1653,2026-08-11,19:57,C-243,Retiro Efectivo,605.29,SUC-Centro
TXN-1517,2026-08-23,13:54,C-268,Retiro Efectivo,1528.35,SUC-Centro
TXN-1970,2026-08-26,16:21,C-970,Transferencia,3350.65,SUC-Centro
TXN-1045,2026-08-05,13:44,C-577,Transferencia,119.18,SUC-Centro
TXN-1895,2026-08-25,18:11,C-790,Retiro Efectivo,1238.03,SUC-Sur
TXN-1157,2026-08-17,14:33,C-727,Retiro Efectivo,631.69,Cajero Automático
TXN-1933,2026-08-06,13:45,C-488,Retiro Efectivo,2823.49,SUC-Centro
TXN-1171,2026-08-03,13:52,C-601,Retiro Efectivo,1161.64,SUC-Norte
TXN-1016,2026-08-02,11:20,C-564,Pago Tarjeta,1624.75,SUC-Norte
TXN-1511,2026-08-21,20:06,C-660,Transferencia,662.12,SUC-Sur
TXN-1048,2026-08-11,12:30,C-560,Retiro Efectivo,80.7,Cajero Automático
TXN-1957,2026-08-21,21:18,C-808,Transferencia,3373.34,Banca Movil
TXN-1827,2026-08-13,07:18,C-881,Transferencia,842.86,Banca Movil
TXN-1515,2026-08-15,11:36,C-649,Retiro Efectivo,1822.77,SUC-Centro
TXN-1677,2026-08-19,12:05,C-162,Pago Tarjeta,1604.73,SUC-Norte
TXN-1480,2026-08-04,21:14,C-865,Pago Tarjeta,3044.72,Banca Movil
TXN-1283,2026-08-21,11:22,C-457,Retiro Efectivo,3369.97,Banca Movil
TXN-1723,2026-08-08,18:50,C-361,Pago Tarjeta,2579.63,Banca Movil
TXN-1928,2026-08-15,12:29,C-765,Transferencia,2879.79,Cajero Automático
TXN-1225,2026-08-04,16:42,C-255,Transferencia,2335.57,SUC-Sur
TXN-1026,2026-08-23,20:20,C-448,Transferencia,2099.45,Banca Movil
TXN-1915,2026-08-08,11:57,C-515,Retiro Efectivo,3244.22,Banca Movil
TXN-1437,2026-08-05,19:15,C-354,Pago Tarjeta,2470.16,SUC-Sur
TXN-1937,2026-08-23,20:36,C-157,Retiro Efectivo,1829.56,Cajero Automático
TXN-1364,2026-08-28,12:05,C-856,Transferencia,763.64,Banca Movil
TXN-1229,2026-08-10,12:21,C-520,Transferencia,2915.75,SUC-Norte
TXN-1037,2026-08-01,13:31,C-233,Pago Tarjeta,612.03,SUC-Norte
TXN-1951,2026-08-23,08:33,C-197,Transferencia,286.73,SUC-Centro
TXN-1374,2026-08-15,17:14,C-506,Transferencia,2317.23,SUC-Sur
TXN-1469,2026-08-21,16:33,C-220,Transferencia,2638.14,SUC-Norte
TXN-1953,2026-08-03,09:10,C-143,Retiro Efectivo,1031.5,SUC-Norte
TXN-1837,2026-08-01,10:18,C-914,Retiro Efectivo,2170.88,SUC-Centro
TXN-1695,2026-08-22,12:01,C-813,Transferencia,1287.66,SUC-Norte
TXN-1716,2026-08-10,21:10,C-522,Deposito,1924.97,SUC-Sur
TXN-1194,2026-08-06,16:51,C-771,Retiro Efectivo,700.07,Cajero Automático
TXN-1841,2026-08-13,12:17,C-837,Deposito,455.43,Banca Movil
TXN-1851,2026-08-08,15:17,C-967,Transferencia,199.86,SUC-Centro
TXN-1503,2026-08-14,20:58,C-640,Transferencia,2480.97,SUC-Norte
TXN-1956,2026-08-27,12:33,C-988,Pago Tarjeta,1250.93,Cajero Automático
TXN-1817,2026-08-14,12:34,C-488,Transferencia,2122.89,Cajero Automático
TXN-1579,2026-08-28,07:27,C-486,Pago Tarjeta,1906.01,SUC-Norte
TXN-1954,2026-08-19,12:59,C-335,Retiro Efectivo,2912.69,Cajero Automático
TXN-1162,2026-08-28,20:31,C-857,Transferencia,2169.96,Banca Movil
TXN-1693,2026-08-15,17:42,C-637,Deposito,3078.71,Cajero Automático
TXN-1152,2026-08-19,07:48,C-252,Transferencia,660.04,SUC-Sur
TXN-1672,2026-08-13,13:18,C-633,Retiro Efectivo,2311.38,Cajero Automático
TXN-1750,2026-08-08,09:53,C-787,Deposito,1296.32,Banca Movil
TXN-1822,2026-08-14,18:30,C-663,Retiro Efectivo,962.6,SUC-Norte
TXN-1111,2026-08-13,09:35,C-299,Deposito,674.92,SUC-Norte
TXN-1226,2026-08-12,14:55,C-522,Transferencia,981.42,SUC-Centro
TXN-1679,2026-08-13,09:58,C-705,Retiro Efectivo,1104.58,Banca Movil
TXN-1103,2026-08-20,11:36,C-882,Pago Tarjeta,1894.49,SUC-Centro
TXN-1421,2026-08-20,20:48,C-725,Transferencia,2121.88,Banca Movil
TXN-1419,2026-08-20,19:36,C-297,Pago Tarjeta,492.92,Banca Movil
TXN-1739,2026-08-08,11:03,C-789,Transferencia,3388.69,Cajero Automático
TXN-1586,2026-08-15,13:18,C-236,Pago Tarjeta,408.55,SUC-Sur
TXN-1963,2026-08-28,16:34,C-800,Pago Tarjeta,950.82,SUC-Norte
TXN-1119,2026-08-27,18:55,C-882,Retiro Efectivo,1207.93,Cajero Automático
TXN-1053,2026-08-12,18:29,C-397,Transferencia,920.75,Cajero Automático
TXN-1151,2026-08-14,16:37,C-567,Transferencia,2227.06,Banca Movil
TXN-1403,2026-08-02,14:28,C-438,Pago Tarjeta,2713.9,SUC-Centro
TXN-1931,2026-08-25,21:05,C-195,Pago Tarjeta,745.89,SUC-Sur
TXN-1207,2026-08-10,11:26,C-838,Pago Tarjeta,3074.08,SUC-Centro
TXN-1658,2026-08-10,10:45,C-849,Transferencia,2808.83,Cajero Automático
TXN-1830,2026-08-23,21:02,C-840,Transferencia,748.1,SUC-Centro
TXN-1751,2026-08-06,13:05,C-672,Pago Tarjeta,1670.38,Cajero Automático
TXN-1008,2026-08-24,09:46,C-409,Pago Tarjeta,517.99,Banca Movil
TXN-1816,2026-08-03,09:02,C-335,Retiro Efectivo,2914.75,Banca Movil
TXN-1036,2026-08-28,10:46,C-508,Transferencia,1383.65,SUC-Norte
TXN-1452,2026-08-07,20:42,C-769,Retiro Efectivo,1162.22,SUC-Sur
TXN-1651,2026-08-11,09:03,C-894,Transferencia,2278.46,SUC-Sur
TXN-1253,2026-08-14,07:46,C-450,Retiro Efectivo,360.79,SUC-Norte
TXN-1303,2026-08-08,09:04,C-831,Transferencia,2411.4,Cajero Automático
TXN-1735,2026-08-23,13:10,C-295,Transferencia,1589.46,SUC-Norte
TXN-1571,2026-08-26,09:08,C-756,Transferencia,1587.17,SUC-Norte
TXN-1623,2026-08-24,16:41,C-928,Transferencia,1413.14,Cajero Automático
TXN-1979,2026-08-21,16:26,C-940,Pago Tarjeta,3366.27,SUC-Sur
TXN-1710,2026-08-11,16:08,C-824,Deposito,157.62,SUC-Sur
TXN-1262,2026-08-13,12:54,C-922,Retiro Efectivo,394.34,SUC-Centro
TXN-1610,2026-08-18,09:15,C-943,Transferencia,2262.91,Cajero Automático
TXN-1297,2026-08-18,11:29,C-891,Transferencia,2817.81,Cajero Automático
TXN-1414,2026-08-13,10:41,C-909,Retiro Efectivo,1803.75,Banca Movil
TXN-1150,2026-08-19,20:55,C-631,Retiro Efectivo,1732.15,SUC-Sur
TXN-1777,2026-08-27,15:46,C-489,Retiro Efectivo,529.44,Banca Movil
TXN-1640,2026-08-18,08:39,C-149,Retiro Efectivo,1964.99,SUC-Sur
TXN-1936,2026-08-24,19:26,C-587,Transferencia,2118.33,SUC-Centro
TXN-1550,2026-08-14,17:27,C-103,Transferencia,3488.38,Cajero Automático
TXN-1780,2026-08-06,19:18,C-764,Retiro Efectivo,2270.0,Banca Movil
TXN-1488,2026-08-07,09:43,C-650,Retiro Efectivo,1042.35,SUC-Centro
TXN-1147,2026-08-18,16:16,C-441,Transferencia,1141.52,SUC-Sur
TXN-1146,2026-08-18,18:20,C-830,Retiro Efectivo,1628.62,SUC-Norte
TXN-1711,2026-08-03,16:24,C-247,Deposito,2057.52,SUC-Centro
TXN-1917,2026-08-27,09:45,C-678,Retiro Efectivo,271.08,Cajero Automático
TXN-1892,2026-08-25,12:41,C-614,Pago Tarjeta,1964.44,Banca Movil
TXN-1659,2026-08-17,14:28,C-689,Deposito,2990.27,Cajero Automático
TXN-1348,2026-08-18,21:23,C-587,Transferencia,2814.35,Banca Movil
TXN-1463,2026-08-27,16:09,C-802,Pago Tarjeta,2838.65,Cajero Automático
TXN-1325,2026-08-13,21:18,C-348,Transferencia,907.59,SUC-Norte
TXN-1186,2026-08-25,14:48,C-842,Transferencia,2561.02,Banca Movil
TXN-1123,2026-08-08,19:50,C-738,Retiro Efectivo,1109.44,Cajero Automático
TXN-1926,2026-08-19,07:23,C-769,Transferencia,2111.28,SUC-Sur
TXN-1608,2026-08-22,18:52,C-644,Transferencia,2372.88,SUC-Centro
TXN-1143,2026-08-05,14:05,C-146,Retiro Efectivo,1461.71,SUC-Centro
TXN-1944,2026-08-19,20:49,C-965,Retiro Efectivo,3489.02,SUC-Centro
TXN-1197,2026-08-24,15:00,C-692,Retiro Efectivo,1441.7,SUC-Centro
TXN-1609,2026-08-27,17:52,C-488,Transferencia,1895.18,SUC-Centro
TXN-1279,2026-08-08,18:19,C-821,Pago Tarjeta,370.68,Cajero Automático
TXN-1293,2026-08-09,10:31,C-488,Pago Tarjeta,3301.51,SUC-Sur
TXN-1400,2026-08-28,13:17,C-297,Pago Tarjeta,3246.86,SUC-Norte
TXN-1122,2026-08-02,21:16,C-945,Transferencia,2617.52,SUC-Norte
TXN-1183,2026-08-04,15:23,C-697,Retiro Efectivo,2892.26,SUC-Norte
TXN-1202,2026-08-06,08:41,C-697,Transferencia,2084.44,Banca Movil
TXN-1438,2026-08-22,16:20,C-106,Transferencia,3019.44,Cajero Automático
TXN-1246,2026-08-16,07:08,C-589,Transferencia,1190.58,SUC-Sur
TXN-1415,2026-08-04,17:38,C-402,Retiro Efectivo,3228.01,SUC-Centro
TXN-1765,2026-08-22,19:09,C-590,Transferencia,2304.01,Banca Movil
TXN-1754,2026-08-17,21:22,C-313,Retiro Efectivo,3433.03,SUC-Centro
TXN-1757,2026-08-18,13:32,C-410,Pago Tarjeta,1848.74,SUC-Centro
TXN-1874,2026-08-19,19:47,C-782,Retiro Efectivo,74.82,Cajero Automático
TXN-1129,2026-08-09,17:09,C-503,Retiro Efectivo,1673.35,Banca Movil
TXN-1637,2026-08-01,20:18,C-788,Deposito,1337.3,Banca Movil
TXN-1402,2026-08-06,12:13,C-215,Pago Tarjeta,2081.4,Cajero Automático
TXN-1773,2026-08-27,07:57,C-665,Retiro Efectivo,1729.67,SUC-Centro
TXN-1759,2026-08-28,13:05,C-316,Deposito,2930.31,SUC-Sur
TXN-1899,2026-08-27,11:49,C-209,Retiro Efectivo,2324.53,Banca Movil
TXN-1219,2026-08-17,12:59,C-212,Pago Tarjeta,1686.67,SUC-Centro
TXN-1641,2026-08-22,16:32,C-350,Pago Tarjeta,475.16,SUC-Norte
TXN-1901,2026-08-16,14:13,C-636,Deposito,1590.75,SUC-Centro
TXN-1741,2026-08-21,20:23,C-717,Transferencia,1718.09,SUC-Centro
TXN-1793,2026-08-17,11:27,C-959,Retiro Efectivo,2925.11,Banca Movil
TXN-1905,2026-08-02,08:08,C-734,Pago Tarjeta,1431.94,SUC-Sur
TXN-1624,2026-08-26,17:39,C-776,Transferencia,2329.49,Banca Movil
TXN-1825,2026-08-27,08:45,C-445,Transferencia,1614.47,Banca Movil
TXN-1749,2026-08-14,21:32,C-841,Pago Tarjeta,3181.66,SUC-Norte
TXN-1386,2026-08-10,07:19,C-717,Transferencia,616.34,Cajero Automático
TXN-1958,2026-08-08,20:05,C-680,Transferencia,1003.95,SUC-Norte
TXN-1509,2026-08-25,09:42,C-163,Pago Tarjeta,3376.8,SUC-Norte
TXN-1267,2026-08-17,19:31,C-296,Retiro Efectivo,1128.84,SUC-Centro
TXN-1806,2026-08-18,17:24,C-367,Transferencia,1994.44,SUC-Sur
TXN-1441,2026-08-15,09:47,C-341,Deposito,2232.41,Banca Movil
TXN-1496,2026-08-17,15:03,C-872,Pago Tarjeta,94.73,Cajero Automático
TXN-1112,2026-08-09,08:10,C-471,Retiro Efectivo,386.73,Cajero Automático
TXN-1691,2026-08-11,17:58,C-490,Pago Tarjeta,513.36,Banca Movil
TXN-1232,2026-08-08,14:59,C-726,Retiro Efectivo,456.18,SUC-Sur
TXN-1887,2026-08-11,12:23,C-839,Transferencia,2654.65,SUC-Sur
TXN-1607,2026-08-13,12:22,C-534,Pago Tarjeta,108.27,SUC-Norte
TXN-1671,2026-08-22,15:43,C-776,Transferencia,492.34,SUC-Centro
TXN-1373,2026-08-26,12:06,C-956,Retiro Efectivo,1682.31,Banca Movil
TXN-1967,2026-08-04,09:10,C-773,Retiro Efectivo,1065.17,SUC-Norte
TXN-1829,2026-08-19,19:12,C-600,Deposito,424.57,SUC-Centro
TXN-1233,2026-08-19,12:55,C-582,Transferencia,443.34,SUC-Sur
TXN-1774,2026-08-24,08:01,C-429,Deposito,1713.28,Cajero Automático
TXN-1676,2026-08-20,20:09,C-381,Transferencia,1146.36,Banca Movil
TXN-1317,2026-08-28,17:25,C-812,Pago Tarjeta,1999.29,SUC-Sur
TXN-1648,2026-08-14,17:12,C-322,Deposito,3167.23,SUC-Centro
TXN-1410,2026-08-03,11:12,C-290,Retiro Efectivo,217.57,SUC-Sur
TXN-1884,2026-08-02,16:02,C-112,Pago Tarjeta,1311.47,Banca Movil
TXN-1709,2026-08-20,21:49,C-978,Pago Tarjeta,1799.77,SUC-Centro
TXN-1358,2026-08-08,08:09,C-887,Transferencia,50.59,SUC-Norte
TXN-1258,2026-08-23,11:21,C-988,Transferencia,847.5,Banca Movil
TXN-1744,2026-08-25,20:33,C-174,Retiro Efectivo,1732.37,SUC-Centro
TXN-1627,2026-08-20,09:28,C-884,Retiro Efectivo,520.52,Cajero Automático
TXN-1632,2026-08-07,07:22,C-203,Transferencia,547.06,Cajero Automático
TXN-1282,2026-08-23,19:03,C-591,Deposito,1432.68,SUC-Sur
TXN-1376,2026-08-14,16:56,C-607,Deposito,443.38,SUC-Norte
TXN-1384,2026-08-05,13:07,C-405,Transferencia,2472.23,SUC-Norte
TXN-1224,2026-08-01,20:37,C-528,Retiro Efectivo,2332.74,SUC-Norte
TXN-1939,2026-08-25,12:41,C-109,Deposito,634.72,SUC-Sur
TXN-1801,2026-08-10,15:32,C-984,Transferencia,242.9,SUC-Centro
TXN-1472,2026-08-22,13:06,C-476,Transferencia,914.44,SUC-Norte
TXN-1347,2026-08-28,19:34,C-999,Retiro Efectivo,1633.88,SUC-Sur
TXN-1505,2026-08-09,11:38,C-470,Transferencia,2655.12,SUC-Sur
TXN-1639,2026-08-26,20:54,C-993,Retiro Efectivo,1959.66,SUC-Sur
TXN-1973,2026-08-18,20:55,C-312,Pago Tarjeta,2033.38,SUC-Centro
TXN-1914,2026-08-01,15:34,C-482,Transferencia,551.38,SUC-Sur
TXN-1891,2026-08-11,12:25,C-117,Retiro Efectivo,1327.23,Banca Movil
TXN-1619,2026-08-04,19:36,C-842,Deposito,1089.66,Banca Movil
TXN-1842,2026-08-28,08:51,C-659,Transferencia,1713.73,SUC-Sur
TXN-1645,2026-08-22,21:02,C-549,Transferencia,3317.08,SUC-Centro
TXN-1833,2026-08-25,13:52,C-602,Pago Tarjeta,1498.29,SUC-Sur
TXN-1556,2026-08-06,13:07,C-533,Transferencia,3170.51,Cajero Automático
TXN-1943,2026-08-04,09:56,C-611,Transferencia,593.18,Cajero Automático
TXN-1577,2026-08-04,08:25,C-559,Retiro Efectivo,627.51,SUC-Centro
TXN-1085,2026-08-28,08:52,C-151,Transferencia,3153.92,SUC-Sur
TXN-1242,2026-08-25,13:24,C-312,Transferencia,185.95,Cajero Automático
TXN-1698,2026-08-16,12:49,C-252,Deposito,656.41,Banca Movil
TXN-1159,2026-08-03,21:17,C-266,Pago Tarjeta,1739.04,SUC-Norte
TXN-1524,2026-08-05,20:44,C-310,Transferencia,584.08,SUC-Norte
TXN-1035,2026-08-26,10:05,C-453,Transferencia,1033.49,Banca Movil
TXN-1540,2026-08-12,09:23,C-672,Pago Tarjeta,1484.96,SUC-Sur
TXN-1170,2026-08-20,11:42,C-645,Transferencia,98.57,SUC-Centro
TXN-1654,2026-08-22,20:21,C-615,Retiro Efectivo,811.72,SUC-Norte
TXN-1876,2026-08-01,07:09,C-594,Pago Tarjeta,2422.8,Cajero Automático
TXN-1844,2026-08-14,21:25,C-288,Transferencia,2131.99,SUC-Centro
TXN-1834,2026-08-19,15:30,C-571,Retiro Efectivo,565.99,SUC-Sur
TXN-1930,2026-08-09,09:39,C-132,Pago Tarjeta,1564.45,Banca Movil
TXN-1733,2026-08-07,19:24,C-841,Retiro Efectivo,622.16,SUC-Centro
TXN-1095,2026-08-12,13:38,C-108,Deposito,1494.05,SUC-Norte
TXN-1563,2026-08-24,07:00,C-583,Retiro Efectivo,3310.21,Cajero Automático
TXN-1240,2026-08-25,14:45,C-241,Retiro Efectivo,2476.86,SUC-Sur
TXN-1742,2026-08-23,15:59,C-140,Transferencia,1287.84,Banca Movil
TXN-1574,2026-08-06,15:35,C-530,Pago Tarjeta,714.17,SUC-Sur
TXN-1690,2026-08-21,20:47,C-787,Retiro Efectivo,2948.38,Banca Movil
TXN-1460,2026-08-10,21:28,C-414,Transferencia,2952.79,SUC-Sur
TXN-1553,2026-08-05,11:13,C-692,Pago Tarjeta,80.37,SUC-Centro
TXN-1865,2026-08-06,14:02,C-254,Transferencia,3013.73,SUC-Centro
TXN-1206,2026-08-21,15:45,C-744,Transferencia,178.9,Cajero Automático
TXN-1392,2026-08-02,17:47,C-656,Deposito,697.02,Banca Movil
TXN-1794,2026-08-16,07:39,C-427,Deposito,127.44,SUC-Sur
TXN-1397,2026-08-19,13:41,C-616,Pago Tarjeta,2522.92,Cajero Automático
TXN-1766,2026-08-17,09:02,C-348,Transferencia,2932.37,SUC-Norte
TXN-1835,2026-08-13,11:02,C-272,Pago Tarjeta,382.23,SUC-Sur
TXN-1217,2026-08-18,19:50,C-686,Retiro Efectivo,1361.88,Cajero Automático
TXN-1004,2026-08-09,12:40,C-742,Pago Tarjeta,1827.68,SUC-Norte
TXN-1768,2026-08-20,20:30,C-718,Pago Tarjeta,1348.33,SUC-Centro
TXN-1642,2026-08-24,13:29,C-858,Transferencia,67.35,Cajero Automático
TXN-1883,2026-08-06,12:24,C-521,Transferencia,1511.29,SUC-Sur
TXN-1612,2026-08-01,11:12,C-353,Pago Tarjeta,2658.06,SUC-Sur
TXN-1738,2026-08-13,09:55,C-486,Retiro Efectivo,2324.98,SUC-Sur
TXN-1546,2026-08-12,09:48,C-122,Transferencia,1294.75,SUC-Sur
TXN-1725,2026-08-20,15:15,C-438,Transferencia,1653.22,SUC-Centro
TXN-1683,2026-08-10,09:38,C-795,Retiro Efectivo,1141.35,SUC-Sur
TXN-1098,2026-08-09,19:33,C-541,Retiro Efectivo,2492.84,Cajero Automático
TXN-1804,2026-08-11,13:55,C-249,Pago Tarjeta,3355.92,SUC-Norte
TXN-1727,2026-08-25,19:30,C-180,Pago Tarjeta,1418.91,SUC-Norte
TXN-1573,2026-08-09,18:14,C-761,Pago Tarjeta,3149.07,SUC-Centro
TXN-1406,2026-08-28,17:23,C-569,Transferencia,3348.86,Cajero Automático
TXN-1502,2026-08-21,19:27,C-557,Transferencia,3194.63,Banca Movil
TXN-1047,2026-08-25,17:37,C-373,Transferencia,2698.13,SUC-Centro
TXN-1032,2026-08-15,18:56,C-426,Retiro Efectivo,3136.0,SUC-Sur
TXN-1779,2026-08-15,13:07,C-646,Transferencia,315.95,SUC-Centro
TXN-1839,2026-08-10,19:03,C-273,Retiro Efectivo,2754.35,SUC-Sur
TXN-1200,2026-08-17,20:58,C-838,Transferencia,502.66,SUC-Centro
TXN-1134,2026-08-11,11:38,C-474,Pago Tarjeta,3118.52,Cajero Automático
TXN-1027,2026-08-21,09:31,C-721,Deposito,662.66,Cajero Automático
TXN-1867,2026-08-15,21:22,C-323,Transferencia,3074.84,Banca Movil
TXN-1230,2026-08-08,15:48,C-613,Retiro Efectivo,411.95,Banca Movil
TXN-1489,2026-08-23,21:30,C-921,Retiro Efectivo,2342.5,SUC-Sur
TXN-1772,2026-08-20,14:39,C-345,Deposito,3043.63,Banca Movil
TXN-1378,2026-08-24,21:39,C-866,Transferencia,815.03,SUC-Norte
TXN-1288,2026-08-28,19:11,C-394,Pago Tarjeta,2288.52,Banca Movil
TXN-1418,2026-08-19,10:08,C-875,Transferencia,2570.21,SUC-Sur
TXN-1674,2026-08-24,20:42,C-523,Transferencia,2187.33,Cajero Automático
TXN-1391,2026-08-18,14:23,C-756,Pago Tarjeta,2157.44,SUC-Sur
TXN-1592,2026-08-08,21:23,C-650,Transferencia,3292.14,SUC-Sur
TXN-1498,2026-08-09,15:21,C-994,Deposito,2190.94,Cajero Automático
TXN-1138,2026-08-13,08:29,C-716,Retiro Efectivo,1079.33,SUC-Norte
TXN-1062,2026-08-18,18:30,C-435,Deposito,1660.11,SUC-Sur
TXN-1471,2026-08-01,15:38,C-402,Retiro Efectivo,1038.82,SUC-Sur
TXN-1647,2026-08-12,19:36,C-652,Pago Tarjeta,2631.62,SUC-Norte
TXN-1128,2026-08-13,15:14,C-199,Retiro Efectivo,2986.69,SUC-Norte
TXN-1962,2026-08-10,17:19,C-176,Transferencia,2033.43,SUC-Centro
TXN-1520,2026-08-01,16:43,C-632,Transferencia,2064.75,SUC-Sur
TXN-1838,2026-08-12,12:55,C-460,Retiro Efectivo,184.68,SUC-Centro
TXN-1948,2026-08-22,13:32,C-439,Retiro Efectivo,2071.98,SUC-Norte
TXN-1064,2026-08-13,16:48,C-838,Transferencia,2893.87,SUC-Norte
TXN-1812,2026-08-23,17:40,C-402,Transferencia,1599.75,SUC-Norte
TXN-1014,2026-08-19,13:52,C-515,Transferencia,2937.57,Cajero Automático
TXN-1156,2026-08-05,19:11,C-435,Retiro Efectivo,2676.12,SUC-Centro
TXN-1040,2026-08-06,14:41,C-627,Transferencia,3007.03,Banca Movil
TXN-1492,2026-08-22,08:27,C-323,Pago Tarjeta,3350.62,SUC-Norte
TXN-1379,2026-08-26,10:41,C-993,Transferencia,1227.68,Cajero Automático
TXN-1187,2026-08-09,07:13,C-993,Transferencia,2107.48,Cajero Automático
TXN-1763,2026-08-26,20:45,C-864,Transferencia,2305.18,Cajero Automático
TXN-1216,2026-08-06,08:17,C-132,Retiro Efectivo,1487.88,SUC-Norte
TXN-1791,2026-08-25,16:15,C-580,Deposito,776.93,SUC-Norte
TXN-1052,2026-08-04,12:22,C-151,Transferencia,79.2,Cajero Automático
TXN-1337,2026-08-14,17:41,C-583,Transferencia,3049.48,Banca Movil
TXN-1748,2026-08-25,11:28,C-701,Transferencia,763.37,Banca Movil
TXN-1719,2026-08-07,12:43,C-642,Transferencia,2724.43,Banca Movil
TXN-1724,2026-08-16,14:14,C-308,Pago Tarjeta,1053.95,SUC-Centro
TXN-1295,2026-08-16,09:14,C-938,Transferencia,1485.3,Banca Movil
TXN-1701,2026-08-24,09:04,C-288,Transferencia,3012.56,SUC-Centro
TXN-1251,2026-08-28,08:33,C-570,Retiro Efectivo,2358.13,SUC-Norte
TXN-1726,2026-08-28,11:51,C-762,Retiro Efectivo,1810.92,Cajero Automático
TXN-1461,2026-08-06,08:57,C-263,Transferencia,1036.45,Cajero Automático
TXN-1455,2026-08-05,07:03,C-341,Pago Tarjeta,1707.28,SUC-Centro
TXN-9002,2026-08-15,14:25,C-888,Transferencia,9999.0,Banca Movil
TXN-1815,2026-08-07,19:21,C-437,Pago Tarjeta,638.46,Cajero Automático
TXN-1862,2026-08-26,18:27,C-336,Retiro Efectivo,511.9,SUC-Centro
TXN-1269,2026-08-04,07:39,C-385,Transferencia,377.74,SUC-Sur
TXN-1201,2026-08-25,08:29,C-152,Pago Tarjeta,2582.56,SUC-Centro
TXN-1161,2026-08-02,13:40,C-731,Retiro Efectivo,353.74,Banca Movil
TXN-1555,2026-08-28,08:22,C-146,Retiro Efectivo,1587.55,SUC-Norte
TXN-1729,2026-08-15,10:23,C-967,Deposito,2336.24,SUC-Centro
TXN-1401,2026-08-17,07:44,C-928,Transferencia,2939.26,SUC-Centro
TXN-1702,2026-08-06,11:54,C-872,Transferencia,533.01,Banca Movil
TXN-1476,2026-08-22,21:49,C-236,Pago Tarjeta,2649.9,Cajero Automático
TXN-1821,2026-08-15,17:29,C-611,Pago Tarjeta,2325.79,SUC-Centro
TXN-1771,2026-08-15,18:30,C-506,Transferencia,1267.5,SUC-Sur
TXN-1105,2026-08-06,16:47,C-474,Transferencia,3177.52,Banca Movil
TXN-1565,2026-08-26,10:49,C-393,Transferencia,1913.82,Cajero Automático
TXN-1389,2026-08-19,21:34,C-391,Transferencia,2539.38,Banca Movil
TXN-1001,2026-08-04,20:26,C-754,Transferencia,2670.25,SUC-Centro
TXN-1923,2026-08-16,10:50,C-947,Deposito,2168.18,Banca Movil
TXN-1968,2026-08-26,17:39,C-133,Transferencia,3317.2,SUC-Centro
TXN-1561,2026-08-01,07:14,C-161,Retiro Efectivo,1157.23,SUC-Norte
TXN-1080,2026-08-25,11:30,C-346,Transferencia,2503.27,SUC-Centro
TXN-1205,2026-08-28,18:18,C-636,Transferencia,2294.36,SUC-Centro
TXN-1034,2026-08-09,07:33,C-981,Pago Tarjeta,2426.53,SUC-Sur
TXN-1775,2026-08-17,11:13,C-894,Pago Tarjeta,2134.53,SUC-Sur
TXN-1508,2026-08-11,15:13,C-214,Transferencia,2727.71,SUC-Centro
TXN-1427,2026-08-17,19:57,C-627,Retiro Efectivo,2680.19,Banca Movil
TXN-1454,2026-08-09,14:41,C-809,Retiro Efectivo,1265.22,Cajero Automático
TXN-1366,2026-08-02,07:16,C-970,Transferencia,3328.73,Banca Movil
TXN-1091,2026-08-27,19:36,C-788,Transferencia,2538.43,SUC-Sur
TXN-1339,2026-08-09,19:28,C-797,Pago Tarjeta,1746.19,SUC-Norte
TXN-1897,2026-08-14,13:58,C-925,Retiro Efectivo,2588.45,Banca Movil
TXN-1564,2026-08-11,10:19,C-132,Pago Tarjeta,1381.27,Cajero Automático
TXN-1345,2026-08-26,13:11,C-516,Retiro Efectivo,1441.31,SUC-Norte
TXN-1776,2026-08-14,20:09,C-389,Transferencia,1781.34,SUC-Sur
TXN-1241,2026-08-18,21:51,C-631,Retiro Efectivo,1068.96,Banca Movil
TXN-1013,2026-08-03,14:29,C-801,Deposito,2923.61,SUC-Norte
TXN-1315,2026-08-14,18:18,C-377,Pago Tarjeta,2697.97,SUC-Centro
TXN-1600,2026-08-28,12:14,C-874,Retiro Efectivo,1975.39,SUC-Sur
TXN-1387,2026-08-07,14:07,C-209,Transferencia,534.55,Banca Movil
TXN-1273,2026-08-11,10:47,C-404,Pago Tarjeta,2338.57,Banca Movil
TXN-1166,2026-08-06,17:06,C-444,Deposito,1372.44,SUC-Norte
TXN-1840,2026-08-25,20:41,C-243,Transferencia,1786.49,SUC-Norte
TXN-1978,2026-08-17,10:49,C-829,Transferencia,2663.28,SUC-Sur
TXN-1646,2026-08-07,14:58,C-339,Transferencia,1101.18,SUC-Sur
TXN-1818,2026-08-14,12:52,C-683,Retiro Efectivo,2791.43,SUC-Sur
TXN-1484,2026-08-05,18:06,C-818,Pago Tarjeta,1986.38,Cajero Automático
TXN-1966,2026-08-26,16:37,C-677,Retiro Efectivo,299.73,SUC-Centro
TXN-1504,2026-08-27,18:03,C-820,Pago Tarjeta,2284.33,Banca Movil
TXN-1831,2026-08-01,12:59,C-757,Transferencia,3015.59,Cajero Automático
TXN-1243,2026-08-05,17:50,C-674,Transferencia,1762.42,SUC-Centro
TXN-1566,2026-08-14,09:48,C-518,Deposito,1025.76,Cajero Automático
TXN-1875,2026-08-22,17:10,C-731,Transferencia,2308.18,Banca Movil
TXN-1562,2026-08-06,13:38,C-170,Retiro Efectivo,3209.97,SUC-Norte
TXN-1686,2026-08-14,13:41,C-607,Transferencia,899.3,SUC-Sur
TXN-1189,2026-08-21,09:59,C-744,Retiro Efectivo,3113.51,SUC-Centro
TXN-1782,2026-08-28,08:03,C-415,Pago Tarjeta,694.82,Cajero Automático
TXN-1699,2026-08-26,14:12,C-407,Retiro Efectivo,2142.87,SUC-Norte
TXN-1475,2026-08-10,17:41,C-324,Transferencia,1068.23,SUC-Sur
TXN-1681,2026-08-27,17:44,C-279,Transferencia,2001.15,SUC-Sur
TXN-1510,2026-08-05,14:14,C-948,Transferencia,1064.91,SUC-Centro
TXN-1058,2026-08-26,08:47,C-354,Transferencia,1512.13,Banca Movil
TXN-1474,2026-08-18,08:54,C-326,Retiro Efectivo,2432.55,SUC-Centro
TXN-1560,2026-08-14,17:19,C-654,Retiro Efectivo,2404.8,Cajero Automático
TXN-1856,2026-08-16,09:34,C-882,Pago Tarjeta,1365.27,Banca Movil
TXN-1747,2026-08-04,19:10,C-879,Transferencia,197.69,SUC-Centro
TXN-1252,2026-08-20,21:29,C-645,Retiro Efectivo,564.55,SUC-Norte
TXN-1021,2026-08-17,10:48,C-550,Pago Tarjeta,1792.69,SUC-Centro
TXN-1313,2026-08-12,16:22,C-947,Deposito,2480.76,SUC-Norte
TXN-1459,2026-08-12,14:45,C-576,Transferencia,2630.15,SUC-Sur
TXN-1160,2026-08-25,09:37,C-502,Retiro Efectivo,2684.31,SUC-Norte
TXN-1276,2026-08-18,17:45,C-821,Retiro Efectivo,1560.12,SUC-Norte
TXN-1955,2026-08-23,18:14,C-316,Transferencia,3206.78,Cajero Automático
TXN-1191,2026-08-04,21:44,C-711,Transferencia,1232.43,SUC-Centro
TXN-1385,2026-08-07,09:02,C-681,Retiro Efectivo,207.93,SUC-Centro
TXN-1805,2026-08-11,14:02,C-116,Retiro Efectivo,2117.78,Banca Movil
TXN-1413,2026-08-08,08:42,C-445,Transferencia,1716.12,SUC-Norte
TXN-1491,2026-08-07,20:05,C-945,Transferencia,1387.06,SUC-Centro
TXN-1343,2026-08-03,21:18,C-663,Transferencia,818.34,SUC-Sur
TXN-1769,2026-08-11,18:53,C-820,Deposito,3179.99,SUC-Sur
TXN-1308,2026-08-07,14:54,C-362,Deposito,439.63,SUC-Norte
TXN-1661,2026-08-22,16:10,C-691,Transferencia,3266.68,SUC-Centro
TXN-1130,2026-08-03,21:17,C-482,Retiro Efectivo,3039.06,SUC-Sur
TXN-1663,2026-08-11,21:18,C-891,Pago Tarjeta,1641.36,SUC-Norte
TXN-1871,2026-08-01,08:42,C-161,Retiro Efectivo,2773.51,SUC-Norte
TXN-1099,2026-08-23,13:28,C-237,Retiro Efectivo,2023.55,SUC-Norte
TXN-1372,2026-08-26,20:40,C-137,Transferencia,2188.16,SUC-Centro
TXN-1087,2026-08-13,14:04,C-606,Pago Tarjeta,2818.15,SUC-Norte
TXN-1458,2026-08-08,17:06,C-221,Transferencia,1490.3,SUC-Sur
TXN-1330,2026-08-04,10:39,C-753,Transferencia,1976.29,SUC-Sur
TXN-1214,2026-08-12,18:56,C-797,Retiro Efectivo,118.11,SUC-Sur
TXN-1466,2026-08-10,17:37,C-888,Retiro Efectivo,551.38,SUC-Centro
TXN-1121,2026-08-25,17:14,C-386,Retiro Efectivo,1275.73,SUC-Norte
TXN-1614,2026-08-09,09:48,C-454,Transferencia,2468.04,SUC-Sur
TXN-1020,2026-08-08,21:28,C-261,Transferencia,2891.1,Cajero Automático
TXN-1700,2026-08-26,10:08,C-485,Transferencia,2954.19,SUC-Sur
TXN-1071,2026-08-28,18:34,C-578,Retiro Efectivo,2283.33,SUC-Centro
TXN-1106,2026-08-18,08:48,C-146,Retiro Efectivo,2367.95,SUC-Sur
TXN-1270,2026-08-08,08:15,C-671,Pago Tarjeta,2665.8,Cajero Automático
TXN-1860,2026-08-22,11:19,C-962,Transferencia,2453.64,SUC-Sur
TXN-1435,2026-08-09,09:00,C-588,Retiro Efectivo,2632.07,SUC-Centro
TXN-1102,2026-08-03,16:27,C-474,Transferencia,817.15,Cajero Automático
